{
  "tabPane": [
    {
      "title": "Tab 1",
      "autoPopulate": false,
      "autoPopulatePrefix": "",
      "widgetPane": {
        "gridSize": 128.0,
        "showGrid": true,
        "hgap": 16.0,
        "vgap": 16.0,
        "titleType": 0,
        "tiles": {}
      }
    }
  ],
  "windowGeometry": {
    "x": -7.199999809265137,
    "y": 10.399999618530273,
    "width": 1547.199951171875,
    "height": 754.4000244140625
  }
}